<?xml version="1.0" encoding="UTF-8"?>
<beans xmlns="http://www.springframework.org/schema/beans"
xmlns:xsi="http://www.w3.org/2001/XMLSchema-instance" 
xmlns:tx="http://www.springframework.org/schema/tx"
xmlns:context="http://www.springframework.org/schema/context"
xsi:schemaLocation="
http://www.springframework.org/schema/beans
http://www.springframework.org/schema/beans/spring-beans-3.0.xsd
http://www.springframework.org/schema/tx
http://www.springframework.org/schema/tx/spring-tx-4.0.xsd
http://www.springframework.org/schema/context
http://www.springframework.org/schema/context/spring-context-3.0.xsd">
 <context:component-scan base-package="model" />
    <bean id="sessionFactory" class="org.springframework.orm.hibernate4.LocalSessionFactoryBean">
 		<property name="hibernateProperties">
		<props>
		<prop key="hibernate.dialect">org.hibernate.dialect.H2Dialect</prop>
        <prop key="hibernate.show_sql">true</prop>
		<prop key="hibernate.hbm2ddl.auto">update</prop>
		</props>
		</property>
  <property name="dataSource" ref="dataSource"/>
  <property name="packagesToScan">
  <list><value>model</value></list>
  </property>
</bean>
 
	<bean id="dataSource" class="org.apache.commons.dbcp.BasicDataSource">
		<property name="driverClassName" value="org.h2.Driver" />
		<property name="url" value="jdbc:h2:tcp://localhost/~/test" />
		<property name="username" value="sa" />
		<property name="password" value="" />
	</bean>
	 <bean id="transactionManager"
    class="org.springframework.orm.hibernate4.HibernateTransactionManager">
    <property name="sessionFactory" ref="sessionFactory" />
</bean>
 <tx:annotation-driven transaction-manager="transactionManager" />
</beans>