 <beans xmlns="http://www.springframework.org/schema/beans"
	xmlns:context="http://www.springframework.org/schema/context"
	xmlns:mvc="http://www.springframework.org/schema/mvc"
	xmlns:xsi="http://www.w3.org/2001/XMLSchema-instance"
	xsi:schemaLocation="http://www.springframework.org/schema/beans      
        http://www.springframework.org/schema/beans/spring-beans.xsd
        http://www.springframework.org/schema/mvc 
        http://www.springframework.org/schema/mvc/spring-mvc-4.0.xsd
        http://www.springframework.org/schema/context  
        http://www.springframework.org/schema/context/spring-context-3.0.xsd"> 
<context:component-scan base-package="controller"/>

  <mvc:resources mapping="/resources/**" location="/resources/"/>
  <mvc:annotation-driven></mvc:annotation-driven> 
   
     <bean id="ds" class="daoLayer.DaoService"></bean>
   <bean id="ps" class="serviceLayer.ProdService"></bean> 
    <bean id="us" class="daoLayer.UserDaoImpl"></bean>
    <bean id="usi" class="serviceLayer.UserService"></bean> 
	<bean class="org.springframework.web.servlet.view.InternalResourceViewResolver">
	
		<property name="prefix">
			<value>/WEB-INF/views/</value>
		</property>
		<property name="suffix">
			<value>.jsp</value>
		</property>
	</bean>  
</beans> 
