<beans xmlns="http://www.springframework.org/schema/beans"
	xmlns:context="http://www.springframework.org/schema/context"
	xmlns:mvc="http://www.springframework.org/schema/mvc"
	xmlns:xsi="http://www.w3.org/2001/XMLSchema-instance"
	xsi:schemaLocation="http://www.springframework.org/schema/beans     
        http://www.springframework.org/schema/beans/spring-beans.xsd
        http://www.springframework.org/schema/mvc 
        http://www.springframework.org/schema/mvc/spring-mvc-4.0.xsd
        http://www.springframework.org/schema/context  
        http://www.springframework.org/schema/context/spring-context.xsd">
<context:annotation-config/>
 <context:component-scan base-package="com.musichub" />
 <mvc:resources mapping="/resources/**" location="/resources/"/>
<mvc:annotation-driven></mvc:annotation-driven>
<bean id="pds" class="com.musichub.daoLayer.DaoProductImpl"/>
<bean id="ps" class="com.musichub.serviceLayer.ProdService"/>
<bean id="uds" class="com.musichub.daoLayer.UserDaoImpl"/>
<bean id="uss" class="com.musichub.serviceLayer.UserServiceImpl"/>
	<bean
		class="org.springframework.web.servlet.view.InternalResourceViewResolver">
		<property name="prefix">
			<value>/WEB-INF/views/</value>
		</property>
		<property name="suffix">
			<value>.jsp</value>
		</property> 
	</bean> 
</beans> 